timestamp,user_id,item_id,price
10/23/2023 0:00,7763,79539,465.93
10/23/2023 0:03,8011,88295,493.86
10/23/2023 0:08,2712,58744,326.75
10/23/2023 0:11,3726,21806,338.89
10/23/2023 0:12,1745,32756,169.61
10/23/2023 0:14,9677,19148,293.93
10/23/2023 0:17,1613,63289,187.08
10/23/2023 0:19,8311,75600,411.35
10/23/2023 0:21,5347,30385,250.04
10/23/2023 0:24,7823,71516,193.68
10/23/2023 0:25,5800,29945,212.43
10/23/2023 0:28,8838,91878,378.7
10/23/2023 0:30,5604,35068,385.73
10/23/2023 0:31,8911,65743,118.16
10/23/2023 0:31,8324,53661,404.56
10/23/2023 0:31,8902,81024,441.59
10/23/2023 0:32,6732,64186,150.3
10/23/2023 0:32,6636,36528,179.59
10/23/2023 0:37,9666,11506,315.07
10/23/2023 0:38,8049,24904,250.97
10/23/2023 0:41,1377,41825,213.61
10/23/2023 0:41,1286,17913,200.45
10/23/2023 0:43,7282,63801,417.1
10/23/2023 0:44,8945,93818,288.97
10/23/2023 0:44,3250,46138,130.29
10/23/2023 0:44,8283,95456,327.85
10/23/2023 0:46,3418,60411,401.97
10/23/2023 0:48,7825,60810,211.65
10/23/2023 0:49,3275,30627,142.5
10/23/2023 0:51,4102,13340,74.84
10/23/2023 0:52,1884,56259,443.84
10/23/2023 0:54,5813,57065,244.03
10/23/2023 0:56,4349,17434,298.4
10/23/2023 0:57,2887,45671,60.58
10/23/2023 0:57,4641,38457,421.87
10/23/2023 0:57,4617,37755,320.52
10/23/2023 0:58,4923,74469,224.09
10/23/2023 0:59,2825,41559,105.38
10/23/2023 1:02,7359,57812,423.05
10/23/2023 1:05,5386,31038,236.03
10/23/2023 1:07,2735,60030,65.69
10/23/2023 1:09,2550,46163,46.9
10/23/2023 1:10,2638,27789,326.9
10/23/2023 1:10,6163,22445,339.77
10/23/2023 1:14,1872,79488,113.06
10/23/2023 1:14,1075,83946,439.58
10/23/2023 1:14,9043,97354,463.31
10/23/2023 1:15,1872,68142,105.5
10/23/2023 1:17,6067,52962,26.97
10/23/2023 1:20,3248,17506,78.42
10/23/2023 1:23,6851,62341,46.3
10/23/2023 1:23,3523,17565,239.53
10/23/2023 1:25,3939,41221,88.82
10/23/2023 1:26,7004,28024,11.88
10/23/2023 1:28,3315,94233,424.88
10/23/2023 1:30,7516,26855,14.52
10/23/2023 1:34,7679,15469,397.42
10/23/2023 1:39,8609,14391,444.74
10/23/2023 1:39,7018,88023,337.29
10/23/2023 1:41,4426,45834,274.22
10/23/2023 1:42,1135,29385,438.53
10/23/2023 1:42,2751,82285,430.2
10/23/2023 1:43,9944,34578,337.06
10/23/2023 1:43,2444,62568,170.85
10/23/2023 1:44,4552,54066,238.27
10/23/2023 1:44,4880,89980,433.49
10/23/2023 1:45,7684,44739,109.68
10/23/2023 1:45,6214,87855,286.96
10/23/2023 1:45,5086,49142,97.99
10/23/2023 1:46,9252,92832,186.05
10/23/2023 1:46,8103,46779,322.6
10/23/2023 1:47,9922,55542,386.87
10/23/2023 1:47,3641,97915,358.36
10/23/2023 1:48,2542,68455,137.58
10/23/2023 1:49,3276,37961,487.12
10/23/2023 1:49,1546,66504,188.72
10/23/2023 1:51,4199,57244,389.51
10/23/2023 1:54,4651,39976,291.19
10/23/2023 1:54,9453,38673,41.31
10/23/2023 2:02,4678,15097,95.49
10/23/2023 2:03,4251,52990,180.57
10/23/2023 2:05,7451,32152,255.52
10/23/2023 2:05,9710,38384,199.5
10/23/2023 2:07,6107,34454,196.18
10/23/2023 2:10,9403,83510,448.96
10/23/2023 2:15,7568,86069,212.18
10/23/2023 2:15,6896,59625,209.28
10/23/2023 2:16,5532,69952,277.44
10/23/2023 2:16,6965,81382,36.15
10/23/2023 2:17,1573,76950,74.77
10/23/2023 2:19,5813,22921,280.83
10/23/2023 2:21,7123,48599,311.07
10/23/2023 2:21,5755,97948,435.26
10/23/2023 2:22,5549,35981,44.96
10/23/2023 2:27,2509,15630,191.82
10/23/2023 2:27,1878,35823,269.37
10/23/2023 2:28,1002,91941,109.22
10/23/2023 2:28,1995,43763,482.91
10/23/2023 2:29,6144,44593,303.22
10/23/2023 2:30,4112,36763,377.98
10/23/2023 2:31,2192,98182,161.66
10/23/2023 2:31,9003,30487,194.61
10/23/2023 2:32,5898,40579,240.16
10/23/2023 2:33,7173,71016,77.32
10/23/2023 2:33,5131,78763,216.79
10/23/2023 2:34,7927,36441,37.76
10/23/2023 2:34,8617,14438,142.68
10/23/2023 2:35,6998,70140,272.65
10/23/2023 2:36,4195,10381,393.64
10/23/2023 2:36,8360,70945,488.99
10/23/2023 2:38,4242,45783,363.53
10/23/2023 2:39,1706,81723,262.98
10/23/2023 2:43,3676,96039,430.45
10/23/2023 2:43,5116,51593,194.41
10/23/2023 2:43,6891,92287,88.84
10/23/2023 2:45,3588,98744,172.81
10/23/2023 2:47,4973,41868,95.8
10/23/2023 2:47,3390,62449,465.11
10/23/2023 2:50,8726,47987,294.51
10/23/2023 2:51,5379,89368,300.33
10/23/2023 2:51,8418,74485,184.22
10/23/2023 2:51,1836,81111,413.73
10/23/2023 2:51,2508,86874,461.5
10/23/2023 2:53,9585,25737,24.69
10/23/2023 2:54,4148,33724,357.7
10/23/2023 2:55,6076,76873,143.61
10/23/2023 2:57,7677,65822,440.98
10/23/2023 2:57,8495,53914,95.79
10/23/2023 2:58,2226,43119,459.38
10/23/2023 2:59,8532,31812,450.63
10/23/2023 3:00,7267,63593,63.46
10/23/2023 3:01,3133,55368,208.69
10/23/2023 3:01,6991,82582,473.42
10/23/2023 3:02,7723,42963,324.09
10/23/2023 3:03,7179,32392,64.37
10/23/2023 3:05,7124,18222,38.02
10/23/2023 3:06,1129,70794,426.05
10/23/2023 3:06,3458,86713,50.15
10/23/2023 3:07,4631,64630,60.7
10/23/2023 3:08,1580,10442,11.52
10/23/2023 3:09,4545,20975,448.54
10/23/2023 3:09,5195,67021,367.44
10/23/2023 3:13,8179,85565,108.66
10/23/2023 3:14,5066,69282,172.1
10/23/2023 3:24,3179,14504,300.31
10/23/2023 3:25,1984,51854,402.47
10/23/2023 3:27,1794,85468,11.91
10/23/2023 3:29,8530,60962,478.25
10/23/2023 3:29,3208,39204,435.9
10/23/2023 3:29,2729,59981,116.37
10/23/2023 3:29,1141,10659,423.59
10/23/2023 3:29,5853,59899,122.48
10/23/2023 3:32,7178,58652,39.01
10/23/2023 3:34,4772,19660,392.38
10/23/2023 3:35,6406,96374,291.23
10/23/2023 3:37,8882,42318,27.9
10/23/2023 3:38,5823,37872,496.02
10/23/2023 3:39,1457,67528,40.7
10/23/2023 3:39,8889,46964,118.75
10/23/2023 3:40,8712,37522,435.31
10/23/2023 3:42,3549,68991,90.75
10/23/2023 3:44,8849,56389,36.02
10/23/2023 3:45,6461,66549,271.45
10/23/2023 3:45,8208,58348,306.49
10/23/2023 3:47,3108,27892,381.77
10/23/2023 3:49,8042,60180,111.49
10/23/2023 3:50,4939,39173,277.92
10/23/2023 3:50,1295,67146,96.81
10/23/2023 3:51,5309,64482,460.74
10/23/2023 3:53,9799,67238,363.59
10/23/2023 3:53,8683,33439,447.54
10/23/2023 3:55,3138,75667,99.93
10/23/2023 3:55,6824,96982,123.69
10/23/2023 3:55,6022,15266,333.27
10/23/2023 3:57,2096,72348,484.09
10/23/2023 3:58,9044,59532,204.77
10/23/2023 3:58,7148,77283,403.66
10/23/2023 3:59,3486,32548,280.05
10/23/2023 3:59,2056,10252,392.78
10/23/2023 4:00,4447,40330,382.96
10/23/2023 4:01,2991,91441,82.57
10/23/2023 4:02,8995,45659,63.36
10/23/2023 4:02,8189,59091,431.13
10/23/2023 4:04,8014,23072,437.74
10/23/2023 4:05,6395,53084,195.82
10/23/2023 4:06,8778,53107,315.62
10/23/2023 4:10,5895,43392,217.81
10/23/2023 4:12,6128,17399,332.09
10/23/2023 4:12,3021,51382,201.93
10/23/2023 4:18,6589,59908,131.81
10/23/2023 4:19,7800,39888,147.23
10/23/2023 4:20,3915,47686,260.13
10/23/2023 4:25,2909,75722,385.07
10/23/2023 4:26,1294,73622,402.4
10/23/2023 4:27,1780,20986,367.65
10/23/2023 4:30,3944,82581,175.76
10/23/2023 4:32,3235,98136,398.35
10/23/2023 4:33,6639,31015,491.28
10/23/2023 4:34,8336,65187,271.34
10/23/2023 4:36,7240,95524,44.08
10/23/2023 4:37,9619,32673,248.21
10/23/2023 4:40,5022,23222,424.62
10/23/2023 4:40,5539,13321,194.5
10/23/2023 4:43,2178,32906,55.42
10/23/2023 4:43,2013,58394,50
10/23/2023 4:46,7813,56734,432.72
10/23/2023 4:47,9794,81892,379.66
10/23/2023 4:52,7072,66852,426.11
10/23/2023 4:53,8037,82231,134.01
10/23/2023 4:53,6357,69643,414.79
10/23/2023 4:54,2703,58356,265.33
10/23/2023 4:54,8673,38547,489.8
10/23/2023 4:59,2312,93810,210.29
10/23/2023 4:59,9878,65439,478.22
10/23/2023 5:00,1533,24724,407.64
10/23/2023 5:00,5459,45681,104.02
10/23/2023 5:01,8884,92372,116.09
10/23/2023 5:01,3260,41632,461.4
10/23/2023 5:02,4604,19752,262.36
10/23/2023 5:04,5442,70603,259.02
10/23/2023 5:05,2835,12793,469.65
10/23/2023 5:06,5062,13526,445.39
10/23/2023 5:07,6436,11168,226.41
10/23/2023 5:07,6124,90474,21.78
10/23/2023 5:08,3180,66564,376.47
10/23/2023 5:12,6385,48541,184.73
10/23/2023 5:14,4313,97647,316.95
10/23/2023 5:19,4668,16315,75.87
10/23/2023 5:22,7191,57210,77.83
10/23/2023 5:22,1053,29796,145.99
10/23/2023 5:24,3520,47941,174.5
10/23/2023 5:25,3443,25384,432.95
10/23/2023 5:26,1907,67561,396.07
10/23/2023 5:29,2285,58374,28.29
10/23/2023 5:29,1470,25489,349.49
10/23/2023 5:30,6567,61524,130.46
10/23/2023 5:30,8642,86356,475.01
10/23/2023 5:30,1291,68201,259.72
10/23/2023 5:35,4207,33596,202.81
10/23/2023 5:36,1757,23278,285.49
10/23/2023 5:38,4482,26323,426.22
10/23/2023 5:41,1475,57823,421.64
10/23/2023 5:42,2695,29232,226.77
10/23/2023 5:42,5925,26090,87.62
10/23/2023 5:42,8659,99088,491.42
10/23/2023 5:44,9005,97047,274.81
10/23/2023 5:45,4903,62324,185.98
10/23/2023 5:51,6575,12253,69.45
10/23/2023 5:51,1509,77662,142.04
10/23/2023 5:51,2806,41762,101.42
10/23/2023 5:53,9378,70905,341.49
10/23/2023 5:55,2195,80025,427.85
10/23/2023 5:57,9531,60616,36.91
10/23/2023 5:57,3712,30726,240.83
10/23/2023 5:57,8141,25027,343.42
10/23/2023 6:04,2609,64355,26.65
10/23/2023 6:07,4071,28646,223.37
10/23/2023 6:07,4696,12152,461.06
10/23/2023 6:08,8551,83114,328.23
10/23/2023 6:09,8898,35852,454.36
10/23/2023 6:09,8965,61115,100
10/23/2023 6:10,7689,26387,276.95
10/23/2023 6:10,1034,57751,455.94
10/23/2023 6:11,1032,86197,363.41
10/23/2023 6:12,1134,81439,381.24
10/23/2023 6:12,6646,35081,444.19
10/23/2023 6:12,5903,69276,155.99
10/23/2023 6:12,7200,73949,51.51
10/23/2023 6:13,3071,49615,59.79
10/23/2023 6:13,6515,89729,125.26
10/23/2023 6:15,9018,15372,368.29
10/23/2023 6:18,9255,23224,454.53
10/23/2023 6:21,1276,26158,121.49
10/23/2023 6:22,4269,58681,49.79
10/23/2023 6:22,2903,67773,73.09
10/23/2023 6:24,2996,67892,18.2
10/23/2023 6:26,3751,39263,133.33
10/23/2023 6:29,6647,88603,90.64
10/23/2023 6:29,1665,31917,179.65
10/23/2023 6:33,3870,48121,298.49
10/23/2023 6:40,2557,28440,485.04
10/23/2023 6:41,9245,24954,415.29
10/23/2023 6:42,6024,14547,286.51
10/23/2023 6:44,7119,45503,194.8
10/23/2023 6:45,8202,69452,385.17
10/23/2023 6:48,1105,46903,32.44
10/23/2023 6:49,3917,68489,388.49
10/23/2023 6:50,8345,32804,297.45
10/23/2023 6:51,3060,75039,157.48
10/23/2023 6:51,7324,16014,67.02
10/23/2023 6:55,5202,10199,426.87
10/23/2023 6:56,4933,15188,415.09
10/23/2023 6:57,5102,67896,179.8
10/23/2023 6:59,4018,13152,161.51
10/23/2023 7:02,6349,98312,30.04
10/23/2023 7:02,1955,76803,380.76
10/23/2023 7:05,5224,39952,176.04
10/23/2023 7:05,1628,62497,17.79
10/23/2023 7:05,7376,59764,209.41
10/23/2023 7:07,9204,14383,99.98
10/23/2023 7:07,5496,45645,105.63
10/23/2023 7:09,9593,13366,475.19
10/23/2023 7:10,4506,66346,449.29
10/23/2023 7:10,1402,49009,88.71
10/23/2023 7:10,4488,39837,239
10/23/2023 7:10,6638,45173,289.32
10/23/2023 7:10,8584,75419,153.25
10/23/2023 7:11,1171,32974,265.39
10/23/2023 7:13,4484,85140,267.67
10/23/2023 7:13,6847,21125,24.48
10/23/2023 7:13,5091,66839,91.69
10/23/2023 7:13,3991,56910,263.7
10/23/2023 7:16,6558,13837,438.22
10/23/2023 7:18,3419,40017,44.46
10/23/2023 7:18,9761,20993,224.09
10/23/2023 7:21,4747,34566,25.62
10/23/2023 7:23,9527,20192,432.11
10/23/2023 7:25,7817,21803,475.15
10/23/2023 7:26,9282,77405,455.22
10/23/2023 7:28,9390,51394,193.91
10/23/2023 7:30,1469,85612,132.21
10/23/2023 7:33,9621,14553,47.5
10/23/2023 7:33,5916,22931,289.74
10/23/2023 7:34,2854,53790,135.6
10/23/2023 7:34,5150,66518,111.68
10/23/2023 7:36,9376,20237,446
10/23/2023 7:38,9450,55060,306.83
10/23/2023 7:38,5200,89774,247.09
10/23/2023 7:43,6041,69550,42.31
10/23/2023 7:43,7407,99519,271.47
10/23/2023 7:46,8260,42670,118.95
10/23/2023 7:46,5068,23039,171.08
10/23/2023 7:47,4528,26606,208.01
10/23/2023 7:48,5602,38428,12.67
10/23/2023 7:50,4600,63021,24.06
10/23/2023 7:51,3621,96913,230.12
10/23/2023 7:52,1446,22299,131.49
10/23/2023 7:54,5011,24606,209.08
10/23/2023 7:54,3043,88017,341.75
10/23/2023 7:58,7596,15465,49.01
10/23/2023 8:00,1888,75184,353.07
10/23/2023 8:00,6894,76744,307.37
10/23/2023 8:00,5318,74981,420.16
10/23/2023 8:01,7539,24795,370.99
10/23/2023 8:01,6289,54106,205.09
10/23/2023 8:04,1871,12521,206.54
10/23/2023 8:05,8195,29199,110.45
10/23/2023 8:08,2673,39725,221.14
10/23/2023 8:10,3008,63410,75.81
10/23/2023 8:13,3705,58918,452.14
10/23/2023 8:13,9793,19117,342.59
10/23/2023 8:16,6378,62739,278.11
10/23/2023 8:16,6076,36134,204.45
10/23/2023 8:16,8732,96289,45.77
10/23/2023 8:17,9754,49360,470.26
10/23/2023 8:17,9515,41992,264.26
10/23/2023 8:18,3821,41777,378.47
10/23/2023 8:20,4284,76042,454.06
10/23/2023 8:22,7529,24517,238.7
10/23/2023 8:23,9938,22953,252.87
10/23/2023 8:24,1022,52787,121.77
10/23/2023 8:25,4415,92140,143.14
10/23/2023 8:27,5447,81822,59.36
10/23/2023 8:31,2370,75665,120.55
10/23/2023 8:34,3531,36839,365.67
10/23/2023 8:35,5892,37433,475.14
10/23/2023 8:39,4975,15853,152.43
10/23/2023 8:40,1577,23119,469.53
10/23/2023 8:44,6498,42434,276.5
10/23/2023 8:46,1733,68477,278.96
10/23/2023 8:47,3285,85925,31.71
10/23/2023 8:48,7839,93027,382.57
10/23/2023 8:52,7190,29960,496.91
10/23/2023 8:55,8694,26061,191.01
10/23/2023 8:55,2522,10829,492.25
10/23/2023 8:56,2556,50542,100.5
10/23/2023 8:59,1454,89468,320.25
10/23/2023 9:00,7284,43315,101.84
10/23/2023 9:01,7073,93923,133.58
10/23/2023 9:03,9945,73029,441.15
10/23/2023 9:05,5512,75025,42.56
10/23/2023 9:06,5181,92462,375.6
10/23/2023 9:08,5468,84474,423.7
10/23/2023 9:09,7161,89465,286.76
10/23/2023 9:10,9985,17484,445.55
10/23/2023 9:12,8374,50514,105.09
10/23/2023 9:13,1667,21956,93.33
10/23/2023 9:13,8802,17540,359.73
10/23/2023 9:16,2300,46828,163.18
10/23/2023 9:16,4809,12764,11.32
10/23/2023 9:17,1177,57845,482.05
10/23/2023 9:17,3369,72930,216.34
10/23/2023 9:20,9765,73586,302.52
10/23/2023 9:20,9277,51434,62.6
10/23/2023 9:21,1019,92228,394.8
10/23/2023 9:23,3660,53247,207.54
10/23/2023 9:24,9494,80519,197.74
10/23/2023 9:25,3749,35612,91.89
10/23/2023 9:26,2832,76812,234.22
10/23/2023 9:28,3702,92130,213.64
10/23/2023 9:29,7239,35578,397.69
10/23/2023 9:31,1462,71027,470.31
10/23/2023 9:32,5751,50472,167.13
10/23/2023 9:36,7189,40348,225.14
10/23/2023 9:39,7701,53402,313.82
10/23/2023 9:40,2432,98671,163.73
10/23/2023 9:46,1819,37564,128.87
10/23/2023 9:46,2804,84796,189.03
10/23/2023 9:46,1928,26545,64.26
10/23/2023 9:47,1529,37911,353.93
10/23/2023 9:48,7355,32643,13.28
10/23/2023 9:52,3241,35782,114.19
10/23/2023 9:55,5160,77642,478.37
10/23/2023 9:58,8441,53008,161.13
10/23/2023 10:01,9790,95872,33.79
10/23/2023 10:02,7757,22667,327.34
10/23/2023 10:03,9015,81947,477.63
10/23/2023 10:05,2462,35277,360.12
10/23/2023 10:07,3573,65423,499.63
10/23/2023 10:08,1294,21078,50.61
10/23/2023 10:10,3091,52920,240.47
10/23/2023 10:11,2369,40057,23.86
10/23/2023 10:12,4276,65094,386.56
10/23/2023 10:12,4565,65115,495.39
10/23/2023 10:12,8259,43908,335.58
10/23/2023 10:13,6152,47797,338.65
10/23/2023 10:16,9027,18170,78.9
10/23/2023 10:18,6773,89491,368.95
10/23/2023 10:18,4163,61974,44.5
10/23/2023 10:19,8010,29644,459.18
10/23/2023 10:21,7004,48289,268.1
10/23/2023 10:22,2273,42169,479.85
10/23/2023 10:23,7532,95485,297.28
10/23/2023 10:25,7552,16151,252.75
10/23/2023 10:26,1360,98369,46.07
10/23/2023 10:28,9997,65619,50.14
10/23/2023 10:29,8873,83405,89.58
10/23/2023 10:32,5878,10592,56.09
10/23/2023 10:35,8955,41541,482.26
10/23/2023 10:35,9542,14930,149.08
10/23/2023 10:38,6748,51897,143.81
10/23/2023 10:40,7780,92477,28.77
10/23/2023 10:41,1372,24708,74.59
10/23/2023 10:41,6693,22517,81.62
10/23/2023 10:41,9658,46540,114.28
10/23/2023 10:42,1881,42116,20.85
10/23/2023 10:42,6784,24635,13.39
10/23/2023 10:44,1156,98496,103.65
10/23/2023 10:44,1832,42234,47.05
10/23/2023 10:45,4696,83737,247.72
10/23/2023 10:45,1561,18065,276.48
10/23/2023 10:45,4608,40818,284.59
10/23/2023 10:46,4624,53248,166.48
10/23/2023 10:47,8133,20738,127.27
10/23/2023 10:47,2496,71693,490.92
10/23/2023 10:48,2514,23144,225.03
10/23/2023 10:49,9998,29287,334.89
10/23/2023 10:50,1799,72614,24.7
10/23/2023 10:51,8513,29451,271.39
10/23/2023 10:52,3927,10930,280.38
10/23/2023 10:53,5410,29238,84.49
10/23/2023 10:54,5263,72564,464.9
10/23/2023 10:55,8577,87609,461.51
10/23/2023 10:56,1409,80637,296.52
10/23/2023 10:57,2113,31352,247.27
10/23/2023 10:57,9946,13497,486.29
10/23/2023 10:59,9510,19308,228.66
10/23/2023 11:03,2114,54635,213.51
10/23/2023 11:04,6982,23914,141.68
10/23/2023 11:06,1717,13435,319.74
10/23/2023 11:13,2114,28412,223.73
10/23/2023 11:13,2261,50149,28.67
10/23/2023 11:14,3391,23779,369.39
10/23/2023 11:14,8093,79542,261.21
10/23/2023 11:15,2254,15932,210.13
10/23/2023 11:15,5885,74189,495.64
10/23/2023 11:21,6166,90884,451.14
10/23/2023 11:21,5377,23544,263.55
10/23/2023 11:23,4260,22123,396.47
10/23/2023 11:23,3222,97829,121.6
10/23/2023 11:26,1931,89127,157.01
10/23/2023 11:27,5181,34616,250.32
10/23/2023 11:28,1644,86701,314.55
10/23/2023 11:30,4496,51007,260.36
10/23/2023 11:32,8066,93857,438.17
10/23/2023 11:32,9540,45415,359.97
10/23/2023 11:33,8407,33750,322.42
10/23/2023 11:34,6198,83064,461.21
10/23/2023 11:35,9333,22481,215.75
10/23/2023 11:36,8625,52300,129.27
10/23/2023 11:36,1747,99655,115.04
10/23/2023 11:37,4681,57358,173.73
10/23/2023 11:38,2993,61584,161.27
10/23/2023 11:40,8076,98389,482.09
10/23/2023 11:41,7272,86184,267.87
10/23/2023 11:45,7580,17011,295.6
10/23/2023 11:47,9024,60105,228.59
10/23/2023 11:48,2570,29464,463.01
10/23/2023 11:48,7970,42245,405.18
10/23/2023 11:48,9223,78640,388.98
10/23/2023 11:51,2625,83777,194.03
10/23/2023 11:51,5593,35291,95.2
10/23/2023 11:52,4207,38353,140.64
10/23/2023 11:56,5201,21230,80.64
10/23/2023 11:56,6243,65217,187.16
10/23/2023 11:58,1145,95308,182.28
10/23/2023 12:01,2044,24407,444.76
10/23/2023 12:05,4095,75786,446.77
10/23/2023 12:05,7143,21383,271.28
10/23/2023 12:06,7553,50939,21.72
10/23/2023 12:08,3470,51367,309.9
10/23/2023 12:09,4345,95955,15.62
10/23/2023 12:18,1820,96257,350.9
10/23/2023 12:20,9634,42691,150.63
10/23/2023 12:22,2461,44126,94.21
10/23/2023 12:24,1172,63700,214.45
10/23/2023 12:27,5690,59522,23.29
10/23/2023 12:29,6469,65846,110.55
10/23/2023 12:31,8361,96409,79.11
10/23/2023 12:32,9637,42738,17.15
10/23/2023 12:32,6293,70887,125.3
10/23/2023 12:32,1439,34669,218.91
10/23/2023 12:35,2861,29520,311.56
10/23/2023 12:35,2370,14286,495.83
10/23/2023 12:37,9013,23332,69.07
10/23/2023 12:38,3615,93170,167.39
10/23/2023 12:38,5518,78057,299.54
10/23/2023 12:39,2335,98814,289.78
10/23/2023 12:42,7885,20910,295.96
10/23/2023 12:43,4272,63726,466.33
10/23/2023 12:44,8026,23976,382.35
10/23/2023 12:45,5074,78094,207.69
10/23/2023 12:50,5638,17134,350.83
10/23/2023 12:51,1101,84147,255.59
10/23/2023 12:52,1019,82405,339.69
10/23/2023 12:52,9666,19272,341.42
10/23/2023 12:54,2397,81839,277.52
10/23/2023 12:55,8426,26770,470.99
10/23/2023 12:56,1132,43506,140.06
10/23/2023 12:56,4029,97802,459.12
10/23/2023 12:57,5797,44750,156.42
10/23/2023 12:57,1149,51616,395.68
10/23/2023 12:58,1600,27043,445.28
10/23/2023 13:00,6357,89704,275
10/23/2023 13:00,8788,97349,326.42
10/23/2023 13:01,4800,10119,49.52
10/23/2023 13:02,5209,45115,480.58
10/23/2023 13:03,3119,82085,259.95
10/23/2023 13:06,2535,80200,348.15
10/23/2023 13:08,6009,70873,471.34
10/23/2023 13:08,9611,95066,334.59
10/23/2023 13:10,4484,29981,154.34
10/23/2023 13:11,8277,95719,261.68
10/23/2023 13:11,9709,16586,305.91
10/23/2023 13:12,3300,48982,86.06
10/23/2023 13:14,2940,65683,309.22
10/23/2023 13:16,6080,41396,176.17
10/23/2023 13:17,2323,92217,352.55
10/23/2023 13:26,5102,62891,296.68
10/23/2023 13:27,1005,11690,182.14
10/23/2023 13:27,5974,27325,301.34
10/23/2023 13:30,5279,74786,157.26
10/23/2023 13:31,2151,64088,76.94
10/23/2023 13:35,6054,67331,57.71
10/23/2023 13:36,8580,77618,319.98
10/23/2023 13:37,4087,94171,228.63
10/23/2023 13:39,6043,45926,185.58
10/23/2023 13:39,3207,34385,136.61
10/23/2023 13:39,9860,68374,236.65
10/23/2023 13:41,9555,61882,185.25
10/23/2023 13:41,7096,26337,81.28
10/23/2023 13:41,2496,36064,91.04
10/23/2023 13:43,5938,41567,279.06
10/23/2023 13:43,4874,24437,313.46
10/23/2023 13:44,6071,60121,315.6
10/23/2023 13:44,4396,43536,164.03
10/23/2023 13:46,4438,39170,416.89
10/23/2023 13:46,7697,13375,180.25
10/23/2023 13:47,2090,20360,38.15
10/23/2023 13:48,7667,52630,19.54
10/23/2023 13:48,5658,14166,174.26
10/23/2023 13:49,1678,88392,262.21
10/23/2023 13:51,8882,33165,163.77
10/23/2023 13:52,5643,20739,415.33
10/23/2023 13:54,1242,66013,435.02
10/23/2023 13:55,1606,85060,332.47
10/23/2023 13:56,8710,43315,286.8
10/23/2023 13:58,3174,98627,350.98
10/23/2023 14:01,3320,96036,243.98
10/23/2023 14:03,8204,20159,329.87
10/23/2023 14:05,4651,89375,430.48
10/23/2023 14:13,8417,66499,277.41
10/23/2023 14:13,5053,39441,415.91
10/23/2023 14:14,8953,29048,117.72
10/23/2023 14:14,4873,16094,430.79
10/23/2023 14:17,3119,80311,150.56
10/23/2023 14:17,4539,12456,238.48
10/23/2023 14:18,5159,31679,112.82
10/23/2023 14:19,6902,24141,224.29
10/23/2023 14:21,6717,24188,167.17
10/23/2023 14:21,3928,32907,331.37
10/23/2023 14:22,6799,82692,462.24
10/23/2023 14:25,7796,86834,181.5
10/23/2023 14:25,4895,30911,94.52
10/23/2023 14:29,8801,40746,168.53
10/23/2023 14:29,2998,12861,499.85
10/23/2023 14:29,7956,16172,408.19
10/23/2023 14:30,2923,71435,288.63
10/23/2023 14:32,3801,77889,409.64
10/23/2023 14:33,5804,88936,222.9
10/23/2023 14:33,8868,32431,377.71
10/23/2023 14:35,4561,33658,418.82
10/23/2023 14:36,8809,35647,426.36
10/23/2023 14:36,1523,40853,182.39
10/23/2023 14:36,2305,94113,49.04
10/23/2023 14:39,4503,17052,385.66
10/23/2023 14:40,2524,47885,107.31
10/23/2023 14:42,9398,21168,233.84
10/23/2023 14:42,1134,17147,184.92
10/23/2023 14:45,1551,71216,70.23
10/23/2023 14:46,9321,97547,282.28
10/23/2023 14:47,9937,64613,84.31
10/23/2023 14:49,7497,79099,227.85
10/23/2023 14:49,4310,66897,326.86
10/23/2023 14:51,2775,80758,437.62
10/23/2023 14:52,6325,33731,108.12
10/23/2023 14:52,5436,44595,173.47
10/23/2023 14:52,1618,28190,418.13
10/23/2023 14:52,3428,75147,385.9
10/23/2023 14:52,7832,81901,386.62
10/23/2023 14:53,5467,98063,37.26
10/23/2023 14:56,6707,38966,105.75
10/23/2023 14:57,7219,78976,460.49
10/23/2023 15:01,7051,29706,284.84
10/23/2023 15:01,2857,23985,103.04
10/23/2023 15:03,4627,22050,420.11
10/23/2023 15:04,7845,80064,311.67
10/23/2023 15:04,6420,31639,48.59
10/23/2023 15:06,4898,87285,467.01
10/23/2023 15:08,2190,84685,207.58
10/23/2023 15:13,8691,31390,126.09
10/23/2023 15:14,4101,22820,297.31
10/23/2023 15:15,2493,68140,19.66
10/23/2023 15:15,3014,62910,122.89
10/23/2023 15:15,7701,33235,353.97
10/23/2023 15:17,3014,72047,63.92
10/23/2023 15:17,7333,21118,159.25
10/23/2023 15:20,2281,28200,187.75
10/23/2023 15:20,2330,26026,237.09
10/23/2023 15:20,2083,40047,120.1
10/23/2023 15:23,3893,83586,190.97
10/23/2023 15:24,8362,47085,288.86
10/23/2023 15:25,7964,79836,192.07
10/23/2023 15:26,8810,36899,357.93
10/23/2023 15:26,1902,60517,30.98
10/23/2023 15:27,4983,35910,166.37
10/23/2023 15:27,8582,91174,142.8
10/23/2023 15:28,9927,31011,498.66
10/23/2023 15:29,6335,30537,233.4
10/23/2023 15:31,5709,65213,15.14
10/23/2023 15:33,2334,19978,459.94
10/23/2023 15:34,4920,16337,13.3
10/23/2023 15:35,2576,52955,499.5
10/23/2023 15:38,6866,66563,300.11
10/23/2023 15:38,5447,37830,273.25
10/23/2023 15:40,5176,24739,32.45
10/23/2023 15:41,7376,74375,123.69
10/23/2023 15:41,9328,67435,498.84
10/23/2023 15:41,3314,55293,120.65
10/23/2023 15:42,4694,56960,195.66
10/23/2023 15:43,8035,63491,450.11
10/23/2023 15:44,2512,86679,145.03
10/23/2023 15:44,8222,94852,202.01
10/23/2023 15:45,6957,53837,345.65
10/23/2023 15:46,7157,50174,360.4
10/23/2023 15:47,5775,53734,431.97
10/23/2023 15:53,2150,72562,349.23
10/23/2023 15:54,1072,34563,266.93
10/23/2023 15:54,8787,23219,496.37
10/23/2023 15:56,3239,90281,287.23
10/23/2023 15:59,2078,35081,99.13
10/23/2023 15:59,9091,57895,290.82
10/23/2023 16:00,1146,95837,455.34
10/23/2023 16:00,3960,52338,25.6
10/23/2023 16:04,9450,21212,198.61
10/23/2023 16:04,5644,49868,82.98
10/23/2023 16:05,3392,63192,210.54
10/23/2023 16:09,9559,77291,352.85
10/23/2023 16:11,6270,27688,418.56
10/23/2023 16:14,3912,56697,98.41
10/23/2023 16:17,9761,81867,28.69
10/23/2023 16:18,8338,20822,120.05
10/23/2023 16:21,6790,94249,69.03
10/23/2023 16:22,4160,20540,493.59
10/23/2023 16:23,2619,90510,47.05
10/23/2023 16:26,5026,57864,420.82
10/23/2023 16:27,2779,21354,28.37
10/23/2023 16:27,7137,94042,266.4
10/23/2023 16:28,3354,56507,461.39
10/23/2023 16:28,9215,46123,449.22
10/23/2023 16:33,2870,94557,299.86
10/23/2023 16:35,7826,93078,428.08
10/23/2023 16:35,5840,87122,139.47
10/23/2023 16:35,8700,40168,272.47
10/23/2023 16:36,2978,71897,398.02
10/23/2023 16:38,3534,15094,404.77
10/23/2023 16:38,1668,69372,91.4
10/23/2023 16:38,3975,54397,120.92
10/23/2023 16:38,6776,14384,305.46
10/23/2023 16:39,7402,52408,237.6
10/23/2023 16:39,2041,70621,267.01
10/23/2023 16:42,6921,69903,75.29
10/23/2023 16:42,5383,42849,154.15
10/23/2023 16:43,8462,32045,95.5
10/23/2023 16:43,3718,11912,463.55
10/23/2023 16:44,2905,88271,111.05
10/23/2023 16:45,5002,12665,315.64
10/23/2023 16:45,6224,68648,15.2
10/23/2023 16:46,7604,50294,395.77
10/23/2023 16:46,2140,95672,280.65
10/23/2023 16:48,1568,67035,160.64
10/23/2023 16:49,2615,58157,82.05
10/23/2023 16:50,3653,98275,401.71
10/23/2023 16:52,4847,95560,265.84
10/23/2023 16:53,6416,15169,354.87
10/23/2023 16:55,2080,64107,342.9
10/23/2023 16:57,5557,35328,190.3
10/23/2023 17:05,3327,59787,75
10/23/2023 17:06,6807,31004,355.44
10/23/2023 17:07,9361,98891,291.51
10/23/2023 17:10,8748,69153,392.23
10/23/2023 17:10,9260,32390,438.48
10/23/2023 17:13,2871,84101,418.16
10/23/2023 17:15,4004,32915,51.35
10/23/2023 17:17,3358,92237,468.17
10/23/2023 17:17,8721,82005,271.14
10/23/2023 17:17,2343,79273,324.97
10/23/2023 17:18,9964,92888,81.44
10/23/2023 17:20,7540,81677,208.84
10/23/2023 17:23,3784,34276,485.63
10/23/2023 17:27,5472,37857,359.42
10/23/2023 17:28,3259,27930,136.87
10/23/2023 17:28,9074,23997,307.55
10/23/2023 17:29,5014,65442,432.03
10/23/2023 17:30,3732,68626,278.53
10/23/2023 17:30,7686,21758,288.85
10/23/2023 17:31,7413,84387,102.73
10/23/2023 17:46,4421,30298,345.19
10/23/2023 17:46,2244,14751,302.96
10/23/2023 17:47,3970,84426,234.62
10/23/2023 17:50,8350,98509,353.89
10/23/2023 17:51,2238,65849,150.93
10/23/2023 17:55,5710,54151,299.03
10/23/2023 17:57,5291,48005,362.62
10/23/2023 17:58,5933,62121,71.76
10/23/2023 17:58,5544,51579,91.9
10/23/2023 18:00,5621,44593,324.97
10/23/2023 18:00,4615,11491,455.23
10/23/2023 18:00,4948,57812,18.91
10/23/2023 18:03,5515,61436,318.11
10/23/2023 18:03,3499,91183,457.64
10/23/2023 18:05,9147,57814,288
10/23/2023 18:06,4037,79975,153.72
10/23/2023 18:07,7287,37484,17.43
10/23/2023 18:07,6120,26680,19.4
10/23/2023 18:08,9343,43477,45.17
10/23/2023 18:09,7548,74198,266.56
10/23/2023 18:11,9022,78330,111.1
10/23/2023 18:14,8837,33490,353.07
10/23/2023 18:17,2861,25505,222.29
10/23/2023 18:20,1052,81627,217.99
10/23/2023 18:21,7707,17897,422.41
10/23/2023 18:24,4189,13812,198.98
10/23/2023 18:25,9761,20407,228.47
10/23/2023 18:25,3292,98880,229.34
10/23/2023 18:28,7956,74941,384.84
10/23/2023 18:28,3454,55846,302.92
10/23/2023 18:29,4960,10157,427.78
10/23/2023 18:29,5369,83131,218.4
10/23/2023 18:30,9509,90616,46.14
10/23/2023 18:36,7062,14483,411.3
10/23/2023 18:36,9175,64617,497.87
10/23/2023 18:37,7102,81504,192.95
10/23/2023 18:38,2431,35940,116.49
10/23/2023 18:41,2344,31621,111.36
10/23/2023 18:41,6913,57755,466.96
10/23/2023 18:41,4402,10987,42.97
10/23/2023 18:45,7844,60745,256.63
10/23/2023 18:45,2730,59600,157.43
10/23/2023 18:46,7615,28729,380.17
10/23/2023 18:47,9848,94560,245.32
10/23/2023 18:50,8604,11980,89.83
10/23/2023 18:50,3403,19461,299.48
10/23/2023 18:54,3245,53744,422.9
10/23/2023 18:55,5590,29496,257.44
10/23/2023 18:59,5804,66552,186.31
10/23/2023 19:00,6539,57787,100.98
10/23/2023 19:00,6181,53639,222.18
10/23/2023 19:02,6539,47916,184.28
10/23/2023 19:04,5546,74535,268.05
10/23/2023 19:08,2730,67558,410.27
10/23/2023 19:09,7674,25592,282.48
10/23/2023 19:10,8710,50549,230.99
10/23/2023 19:10,3150,93648,217.8
10/23/2023 19:18,7940,96764,193.08
10/23/2023 19:20,1081,70044,442.91
10/23/2023 19:20,4325,59459,271.24
10/23/2023 19:20,3387,45859,89.22
10/23/2023 19:21,8619,54547,14.95
10/23/2023 19:21,8592,51207,338.75
10/23/2023 19:22,6602,34706,154.89
10/23/2023 19:22,7537,52574,42.43
10/23/2023 19:24,6365,33211,265.26
10/23/2023 19:26,8190,94871,204.58
10/23/2023 19:26,8047,58535,101.17
10/23/2023 19:28,7198,92013,371.88
10/23/2023 19:28,6036,49351,238.69
10/23/2023 19:30,8579,94560,321.27
10/23/2023 19:32,3644,90863,14.14
10/23/2023 19:33,3804,82410,45.55
10/23/2023 19:34,8183,72395,31.15
10/23/2023 19:34,5688,60481,144.62
10/23/2023 19:35,7724,88528,350.69
10/23/2023 19:36,5423,67133,396.03
10/23/2023 19:36,6031,24392,397.01
10/23/2023 19:41,4646,47536,234.74
10/23/2023 19:41,9718,63438,59.66
10/23/2023 19:44,6346,38217,438.78
10/23/2023 19:44,8468,49174,452.82
10/23/2023 19:48,1458,27583,336.47
10/23/2023 19:49,9119,66728,488.5
10/23/2023 19:50,1978,77122,442.85
10/23/2023 19:51,4344,17875,255.62
10/23/2023 19:53,8039,75587,483.56
10/23/2023 19:53,5279,67181,350.54
10/23/2023 19:55,1471,68667,383.75
10/23/2023 19:56,5250,37513,351.24
10/23/2023 19:57,2363,12267,175.96
10/23/2023 19:58,8699,80253,34.73
10/23/2023 19:58,4564,61737,123
10/23/2023 19:59,7529,64398,39.07
10/23/2023 20:00,1771,35864,25.44
10/23/2023 20:00,9061,55371,379.21
10/23/2023 20:02,3534,64545,226.81
10/23/2023 20:02,5095,96317,367.39
10/23/2023 20:03,3789,58344,72.99
10/23/2023 20:04,3396,59056,50.85
10/23/2023 20:05,1364,22439,116.43
10/23/2023 20:09,7725,86285,152.39
10/23/2023 20:10,3407,96345,259.78
10/23/2023 20:15,8064,36223,296.61
10/23/2023 20:17,7906,93026,336.32
10/23/2023 20:17,6710,47442,40.14
10/23/2023 20:18,4926,93705,182.95
10/23/2023 20:18,2070,91089,22.84
10/23/2023 20:19,1724,52014,480.68
10/23/2023 20:21,8341,67959,205.75
10/23/2023 20:22,4545,14964,223.33
10/23/2023 20:26,6429,58800,401.7
10/23/2023 20:28,5082,17201,252.37
10/23/2023 20:32,6791,87184,196.16
10/23/2023 20:34,3378,34868,65.75
10/23/2023 20:34,6578,22333,125.77
10/23/2023 20:37,3863,86599,290.19
10/23/2023 20:38,1739,54606,344.86
10/23/2023 20:40,5984,99527,399.92
10/23/2023 20:40,5953,49574,137.27
10/23/2023 20:42,3414,13569,88.06
10/23/2023 20:43,7992,50735,433.29
10/23/2023 20:43,2975,62208,328.31
10/23/2023 20:45,5217,98273,347.88
10/23/2023 20:46,1813,83116,294.29
10/23/2023 20:46,7127,51180,405.46
10/23/2023 20:47,4394,66688,99.16
10/23/2023 20:47,1607,57250,194.55
10/23/2023 20:48,2735,40811,13.73
10/23/2023 20:50,3477,58938,386.54
10/23/2023 20:51,5905,63268,210.97
10/23/2023 20:56,7730,74498,300.88
10/23/2023 20:58,5449,49724,345.74
10/23/2023 20:58,1824,22574,183.74
10/23/2023 21:03,3021,41680,24.24
10/23/2023 21:04,7799,15513,373.49
10/23/2023 21:07,5527,65780,321.65
10/23/2023 21:07,1612,34486,281.84
10/23/2023 21:08,7732,94881,409.98
10/23/2023 21:08,2748,85995,408.7
10/23/2023 21:09,2275,34285,486.43
10/23/2023 21:09,2604,34494,36.86
10/23/2023 21:09,4189,10221,434.89
10/23/2023 21:10,8764,71434,465.75
10/23/2023 21:13,8156,62364,469.51
10/23/2023 21:16,1302,20292,445.69
10/23/2023 21:16,2333,67869,473.77
10/23/2023 21:16,7737,27471,108.86
10/23/2023 21:16,6271,44938,249.71
10/23/2023 21:19,3171,31894,379.63
10/23/2023 21:20,3326,97674,188.69
10/23/2023 21:20,8863,54439,40.32
10/23/2023 21:21,8506,96996,355.66
10/23/2023 21:21,9564,25747,25.69
10/23/2023 21:23,4294,46370,452.33
10/23/2023 21:24,5389,69756,150.09
10/23/2023 21:25,3985,95551,175.64
10/23/2023 21:26,6569,89063,322.82
10/23/2023 21:28,5264,62141,54.45
10/23/2023 21:28,9632,88295,495.37
10/23/2023 21:30,3681,58075,378.97
10/23/2023 21:31,9754,60100,293.8
10/23/2023 21:33,8816,81698,66.77
10/23/2023 21:33,6432,24888,466.53
10/23/2023 21:34,1124,57568,227.8
10/23/2023 21:35,6367,46398,150.26
10/23/2023 21:40,9628,10504,181.52
10/23/2023 21:41,9043,29785,247.34
10/23/2023 21:43,2976,58762,123.54
10/23/2023 21:44,6392,36070,104.44
10/23/2023 21:45,2568,20681,384.37
10/23/2023 21:52,8679,19652,242.57
10/23/2023 21:54,4274,18653,378.31
10/23/2023 21:54,5989,63917,113.85
10/23/2023 21:55,3960,64405,209.17
10/23/2023 21:55,7453,95166,51.83
10/23/2023 21:55,4531,79547,152.79
10/23/2023 21:57,5897,53435,394.45
10/23/2023 21:57,1888,64457,389.66
10/23/2023 21:58,9673,66935,273.5
10/23/2023 21:59,2034,96553,53.81
10/23/2023 21:59,6790,68713,98.62
10/23/2023 22:02,9714,46294,226.41
10/23/2023 22:05,4164,57826,45.21
10/23/2023 22:05,9758,95128,61.45
10/23/2023 22:07,2819,51833,255.07
10/23/2023 22:07,3004,81244,282.5
10/23/2023 22:09,4761,90237,339.43
10/23/2023 22:09,8568,10775,257.77
10/23/2023 22:10,1157,56131,161.45
10/23/2023 22:12,2460,32610,373.92
10/23/2023 22:13,6295,93287,495.02
10/23/2023 22:15,7189,26201,135.59
10/23/2023 22:16,3061,62482,143.21
10/23/2023 22:17,5533,41039,152.36
10/23/2023 22:20,9899,75717,25.82
10/23/2023 22:22,6100,99575,148.54
10/23/2023 22:23,8511,47255,88.9
10/23/2023 22:24,7037,21583,205.43
10/23/2023 22:26,9774,19023,114.98
10/23/2023 22:29,3159,32208,490.01
10/23/2023 22:31,9863,37236,246.5
10/23/2023 22:33,8274,77341,47.92
10/23/2023 22:38,2795,43639,183.33
10/23/2023 22:40,3791,60783,125.56
10/23/2023 22:43,7651,95263,158.61
10/23/2023 22:48,5147,26346,228.5
10/23/2023 22:51,7037,73204,152.15
10/23/2023 22:52,6124,89099,498.23
10/23/2023 22:58,1897,52158,19.11
10/23/2023 23:00,8383,55285,481.47
10/23/2023 23:02,4248,34518,95.03
10/23/2023 23:02,4793,74559,247.97
10/23/2023 23:02,6636,28342,74.55
10/23/2023 23:04,5863,12798,370.9
10/23/2023 23:06,7042,24172,479.95
10/23/2023 23:06,1525,49362,34.01
10/23/2023 23:08,4129,73132,18.69
10/23/2023 23:08,4228,58749,125.06
10/23/2023 23:11,9274,16726,175.48
10/23/2023 23:12,5030,78387,195.21
10/23/2023 23:13,6205,64186,123.38
10/23/2023 23:13,9298,35787,273.07
10/23/2023 23:14,9181,24246,254.27
10/23/2023 23:18,2738,20320,86.78
10/23/2023 23:18,4978,19020,116.49
10/23/2023 23:22,3070,11828,450.28
10/23/2023 23:24,1798,97986,91.89
10/23/2023 23:26,2777,24884,420.09
10/23/2023 23:26,8274,12019,298.02
10/23/2023 23:26,8319,94989,330.6
10/23/2023 23:27,3158,29595,456.71
10/23/2023 23:29,6086,27349,350.44
10/23/2023 23:29,3085,67203,272.28
10/23/2023 23:30,6494,14384,61.06
10/23/2023 23:32,1394,18966,384.88
10/23/2023 23:35,9821,31329,261.75
10/23/2023 23:35,9074,17302,22.16
10/23/2023 23:35,4804,57651,375.66
10/23/2023 23:36,4520,73203,246.7
10/23/2023 23:37,9338,95503,145.79
10/23/2023 23:37,7759,19452,335.35
10/23/2023 23:39,8778,62362,140.67
10/23/2023 23:42,4001,52167,64.74
10/23/2023 23:44,7448,79146,322.18
10/23/2023 23:45,9903,86234,183.22
10/23/2023 23:46,1652,72282,138.74
10/23/2023 23:47,1412,74450,224.04
10/23/2023 23:51,2832,46883,131.9
10/23/2023 23:52,4353,76382,492.27
10/23/2023 23:54,3492,79826,59.46
10/23/2023 23:54,1266,38832,277.28
10/23/2023 23:56,6312,98968,276.85
